Bus,Voltage_Magnitude,Voltage_Angle,Current_Magnitude,Current_Angle,Fault_Type
3,0.627,34.87,1.677,-19.5,LL
3,1.006,74.91,1.02,-172.59,No Fault
2,0.601,-36.05,1.714,-163.2,LL
4,0.473,-108.12,1.455,5.12,LG
4,0.421,-17.82,1.666,-175.22,LG
1,0.082,-144.84,2.437,66.32,3P
3,0.657,-117.59,1.875,-39.22,LL
2,0.61,16.82,1.408,-113.45,LL
3,0.035,153.6,1.939,81.82,3P
3,0.98,-82.31,0.968,118.35,No Fault
2,0.055,-73.34,2.38,-120.5,3P
1,0.08,-178.01,2.353,113.57,3P
1,0.624,153.47,2.061,54.39,LL
4,0.055,-157.12,2.475,-68.05,3P
4,0.521,22.05,1.928,-42.15,LL
3,0.618,97.55,2.108,-2.23,LL
1,0.592,-107.38,1.607,142.47,LL
1,0.445,-90.25,1.504,-32.26,LG
3,1.003,70.12,1.012,136.97,No Fault
2,0.127,109.32,2.282,-112.83,3P
2,0.077,-51.73,2.11,146.46,3P
1,1.025,129.86,0.994,-177.5,No Fault
4,0.497,-83.01,1.469,-92.11,LG
3,0.494,-49.09,1.535,169.84,LG
4,1.022,-126.69,1.02,179.19,No Fault
3,0.567,-79.69,1.801,146.98,LL
3,0.475,19.04,2.096,33.37,LL
3,0.64,-47.6,1.618,47.63,LL
2,0.426,-125.74,1.609,2.95,LG
4,1.034,-174.03,1.017,4.35,No Fault
3,0.421,121.58,1.006,63.25,LG
1,1.016,114.2,0.975,19.87,No Fault
4,1.02,-112.07,1.003,-79.61,No Fault
3,0.631,-149.71,2.043,-121.81,LL
2,0.508,158.45,2.034,170.52,LL
2,1.037,54.71,1.009,-99.26,No Fault
1,0.973,-48.07,0.999,87.9,No Fault
3,0.557,-47.62,1.829,-84.53,LL
2,0.599,146.2,1.883,-23.62,LL
1,0.387,-109.71,2.044,80.08,LG
3,0.599,-79.36,1.838,138.06,LL
4,0.998,168.0,1.015,166.9,No Fault
1,0.981,-83.35,0.988,-5.3,No Fault
2,0.609,25.22,1.877,-145.02,LL
4,0.535,-73.7,1.65,-63.88,LL
4,0.552,-74.31,2.076,111.37,LL
3,0.985,-178.13,1.004,46.04,No Fault
4,0.648,140.4,1.93,-58.32,LL
4,0.694,-61.87,1.665,-124.19,LL
2,0.992,-166.55,1.002,116.14,No Fault
2,0.448,-82.24,1.398,167.49,LG
3,1.001,14.63,0.987,49.47,No Fault
4,0.998,-23.93,0.99,87.86,No Fault
2,0.985,-117.61,1.033,-123.68,No Fault
2,1.004,6.01,1.012,56.56,No Fault
1,0.524,-51.85,1.703,92.82,LL
1,0.435,-55.33,1.62,-12.72,LG
1,0.477,-163.69,1.765,-45.14,LG
2,0.196,66.23,2.221,41.71,3P
4,0.603,158.48,1.723,27.17,LL
2,0.611,115.43,1.746,45.34,LL
1,0.085,-65.17,2.252,124.16,3P
2,0.399,69.44,1.157,-54.6,LG
3,0.124,-78.47,2.357,-116.12,3P
1,0.681,-134.03,1.906,-89.99,LL
4,0.478,91.64,1.412,-142.88,LG
1,0.277,-72.85,1.485,-144.01,LG
4,1.006,162.22,0.997,26.44,No Fault
3,1.004,19.33,0.984,-103.42,No Fault
1,0.565,17.83,1.798,-21.05,LL
3,0.444,132.07,1.599,121.85,LG
2,0.576,-149.46,1.846,175.19,LL
4,0.09,146.77,2.315,33.08,3P
4,0.298,146.29,1.814,-139.97,LG
3,1.029,86.75,0.962,96.19,No Fault
3,0.626,166.38,2.107,-45.05,LL
1,0.949,108.76,1.023,172.04,No Fault
1,1.001,177.47,1.02,-153.43,No Fault
3,0.565,178.5,1.607,70.89,LL
3,0.166,-80.14,1.998,-112.28,3P
2,0.362,-50.28,1.325,-86.42,LG
3,0.504,112.97,1.872,66.5,LL
1,1.034,150.9,0.965,-150.21,No Fault
2,0.135,175.42,2.083,-125.85,3P
1,0.658,24.87,1.725,-157.14,LL
1,0.395,131.3,1.489,112.64,LG
3,0.608,81.4,1.962,92.55,LL
3,0.979,163.46,0.997,38.22,No Fault
2,-0.004,119.29,2.133,-69.2,3P
1,0.651,-34.75,1.833,-131.75,LL
3,0.43,109.82,1.743,145.13,LG
4,1.021,-38.79,0.965,-22.51,No Fault
3,0.499,147.77,2.192,-72.73,LL
2,0.1,-87.03,2.399,-14.71,3P
2,0.543,28.67,1.68,-57.04,LL
3,1.007,-114.52,0.981,-55.56,No Fault
3,0.114,36.7,2.204,-99.41,3P
1,0.984,-148.07,0.989,-136.57,No Fault
1,0.339,-146.78,1.268,-6.79,LG
2,0.998,110.23,0.996,89.37,No Fault
1,0.124,-95.0,2.217,93.58,3P
2,0.443,142.27,1.302,4.2,LG
3,0.993,-37.02,1.018,-142.25,No Fault
3,0.368,-136.89,1.284,140.59,LG
4,0.467,-7.35,1.238,30.31,LG
2,0.578,-134.07,2.116,-77.84,LL
2,0.058,-0.63,2.349,-61.07,3P
1,0.987,-112.84,0.99,-77.37,No Fault
3,1.016,-178.09,1.003,171.02,No Fault
2,1.011,20.43,1.004,25.78,No Fault
3,0.073,85.05,2.36,10.74,3P
1,0.632,-124.43,1.468,-6.79,LL
3,0.563,17.5,1.372,17.61,LL
2,0.37,65.34,1.652,93.68,LG
3,0.464,-141.59,1.593,126.26,LG
4,0.111,157.8,2.049,-114.76,3P
3,0.117,90.18,2.324,107.83,3P
3,1.011,8.3,1.021,-50.82,No Fault
1,0.575,76.96,2.181,143.88,LL
1,0.401,-96.4,1.835,143.85,LG
3,0.286,-60.19,1.786,83.0,LG
2,1.01,12.05,1.025,141.8,No Fault
4,0.125,100.29,2.452,-128.47,3P
4,0.624,-56.85,1.867,115.65,LL
3,0.513,0.82,1.313,14.35,LG
1,1.019,50.81,1.019,69.82,No Fault
4,0.659,165.27,1.872,-56.69,LL
2,0.433,-124.79,1.489,31.04,LG
2,1.017,33.47,0.981,-143.2,No Fault
4,0.611,-125.09,1.888,27.46,LL
2,0.993,-120.41,0.991,-112.92,No Fault
3,0.102,32.86,2.474,-36.36,3P
1,0.631,37.34,1.674,-138.86,LL
4,0.389,-55.1,1.626,85.5,LG
1,0.624,-120.42,1.494,-167.8,LL
1,0.492,-175.29,1.725,58.87,LG
3,0.168,129.83,1.793,12.63,3P
4,0.366,89.99,1.53,-104.43,LG
3,0.513,-44.02,1.385,121.16,LG
3,0.995,8.78,1.03,-21.33,No Fault
2,0.382,-59.63,1.548,-152.82,LG
3,0.442,-32.86,1.235,-170.86,LG
4,0.092,18.62,2.456,-88.6,3P
3,0.574,54.99,1.898,-94.25,LL
2,0.1,110.47,2.215,166.55,3P
4,0.567,142.68,1.613,-175.32,LL
3,0.617,73.42,1.974,147.82,LL
1,0.365,32.51,1.218,-83.5,LG
1,0.369,129.98,1.75,-100.98,LG
2,0.649,107.95,1.794,-26.92,LL
3,0.443,-35.08,1.711,-101.51,LG
2,0.101,-118.2,2.287,-81.97,3P
3,0.14,-0.69,2.232,-155.82,3P
1,0.577,-176.04,1.905,-130.72,LL
1,0.982,47.92,1.017,-2.06,No Fault
2,0.045,6.81,1.88,-163.09,3P
4,0.093,149.58,2.502,79.75,3P
4,0.704,157.26,1.739,83.73,LL
1,0.975,122.95,1.003,124.71,No Fault
3,0.657,-141.62,1.659,-152.95,LL
1,0.438,-14.51,1.82,-152.66,LG
2,0.546,32.48,1.986,-50.05,LL
4,0.107,-148.79,2.686,164.94,3P
3,0.628,69.22,2.016,125.71,LL
1,0.141,-161.43,2.457,61.17,3P
4,0.641,-167.78,1.827,71.07,LL
1,0.996,106.32,0.981,88.22,No Fault
4,0.128,-166.68,2.071,34.66,3P
3,0.651,10.9,1.79,-21.23,LL
3,1.008,104.66,0.961,-65.25,No Fault
2,0.451,-29.7,1.461,-13.7,LG
2,1.002,158.06,1.021,107.56,No Fault
3,1.0,29.07,0.989,-82.19,No Fault
1,0.516,85.53,1.448,-94.04,LL
3,0.439,77.6,1.41,32.08,LG
4,0.999,-41.64,1.005,64.67,No Fault
4,0.081,31.88,2.4,173.64,3P
3,0.169,-119.87,2.034,176.82,3P
3,0.376,119.03,1.619,-136.68,LG
3,0.988,100.65,0.989,-53.95,No Fault
1,0.605,35.02,1.5,9.01,LL
3,0.44,-124.6,1.71,113.7,LG
2,0.488,-81.73,1.624,-8.4,LL
3,0.109,55.89,2.284,18.31,3P
3,0.995,11.74,1.002,166.36,No Fault
4,0.426,33.27,1.626,116.89,LL
4,0.655,84.21,1.827,7.65,LL
4,0.641,71.09,1.901,64.85,LL
3,0.61,166.07,1.768,-12.43,LL
3,0.089,87.66,1.992,-122.13,3P
4,0.559,-110.47,1.972,-149.72,LL
3,0.059,48.24,2.387,14.39,3P
3,1.024,-38.83,0.995,-115.38,No Fault
1,1.004,-155.58,1.008,-71.65,No Fault
1,0.588,-159.15,2.169,-153.11,LL
2,0.083,92.97,2.294,-171.15,3P
3,0.134,-89.1,2.086,-179.63,3P
2,0.975,106.13,0.996,69.73,No Fault
4,0.078,-132.72,2.383,132.5,3P
2,1.013,-28.9,0.998,49.87,No Fault
2,0.508,-64.53,1.687,80.79,LL
2,1.001,-47.33,0.995,131.17,No Fault
4,0.379,-147.18,1.404,-124.68,LG
3,0.119,-132.75,2.532,-168.29,3P
4,0.095,-179.56,1.865,35.4,3P
2,0.532,-3.03,1.737,-156.88,LL
2,0.327,174.37,1.893,-126.15,LG
1,0.991,36.01,0.952,-75.0,No Fault
1,0.647,-127.47,1.969,-142.99,LL
2,1.048,72.89,1.0,21.47,No Fault
4,0.102,137.71,2.005,-150.3,3P
1,0.98,24.31,0.994,68.21,No Fault
2,0.103,162.56,2.131,-135.28,3P
3,1.036,133.55,1.007,77.07,No Fault
2,0.583,57.9,2.283,19.08,LL
2,0.162,9.5,2.028,83.37,3P
3,0.687,-7.46,2.015,41.67,LL
3,0.069,104.29,2.068,57.13,3P
3,1.01,-2.42,0.96,-150.65,No Fault
3,0.587,132.58,1.466,81.78,LL
1,0.142,96.38,2.389,1.74,3P
2,0.053,81.09,2.7,-4.8,3P
2,0.63,177.17,2.027,-77.81,LL
1,1.03,83.92,1.028,-132.64,No Fault
4,0.483,-45.77,1.755,4.54,LG
1,0.05,133.47,2.187,-19.69,3P
4,0.566,54.76,1.855,-67.63,LL
4,0.974,98.45,1.023,-132.89,No Fault
1,1.009,-20.87,0.994,-60.88,No Fault
1,0.387,-90.46,1.747,42.17,LG
1,0.974,37.99,0.97,-51.58,No Fault
4,0.419,30.73,1.586,132.58,LG
4,0.384,-161.39,1.41,50.4,LG
3,0.391,2.6,1.59,-165.03,LG
2,0.499,-173.74,1.457,-63.67,LG
1,0.13,-4.02,1.476,60.07,3P
4,1.001,-121.54,1.002,-112.19,No Fault
3,0.654,-116.23,1.767,69.35,LL
3,0.097,-92.11,2.193,119.12,3P
3,0.655,-102.36,2.037,57.2,LL
1,0.507,-122.66,1.989,37.78,LL
3,0.13,101.66,2.137,24.13,3P
1,1.024,153.24,1.014,-22.26,No Fault
2,0.585,114.42,2.075,-136.72,LL
2,0.655,39.54,1.508,22.84,LL
3,0.322,-45.63,1.439,-98.18,LG
2,0.623,93.36,1.59,0.16,LL
1,0.025,-170.77,2.773,-57.15,3P
4,0.967,-8.39,1.003,-38.03,No Fault
3,0.092,153.73,2.298,-158.3,3P
1,0.377,42.25,1.415,8.31,LG
2,0.409,-67.93,1.778,39.72,LG
2,0.347,129.39,1.513,107.92,LG
3,0.608,-87.64,1.613,166.65,LL
4,0.991,9.54,1.023,-139.57,No Fault
1,0.602,-97.89,1.808,-103.66,LL
2,1.015,97.18,0.995,20.39,No Fault
3,0.64,-27.45,1.688,60.32,LL
2,0.588,-124.93,1.574,-95.32,LL
4,0.094,-171.49,2.168,51.11,3P
4,0.973,47.53,1.015,-158.96,No Fault
1,0.112,-34.45,2.007,-25.85,3P
3,0.619,-58.6,2.041,145.99,LL
1,0.988,-98.4,0.98,-52.2,No Fault
4,0.425,-154.82,1.693,50.46,LG
4,0.114,-63.24,2.729,-60.12,3P
2,0.97,178.37,0.973,-19.31,No Fault
4,1.011,-116.89,1.002,68.4,No Fault
1,0.969,115.85,0.964,-179.55,No Fault
4,0.573,-125.13,1.519,177.29,LL
4,0.639,-146.55,1.569,-87.46,LL
4,0.607,101.53,1.77,75.15,LL
2,0.986,-42.87,0.977,-55.32,No Fault
1,0.558,-19.01,1.48,36.21,LL
3,1.007,23.97,1.028,-39.22,No Fault
4,0.102,-42.98,2.175,136.07,3P
2,0.582,114.74,1.71,-63.89,LL
3,0.979,171.22,1.026,50.75,No Fault
1,0.502,38.29,1.756,-129.89,LL
4,0.601,-36.48,1.538,-127.31,LL
1,1.019,-96.28,0.932,-151.21,No Fault
4,0.046,2.21,2.038,-21.78,3P
4,0.05,-40.87,2.514,23.2,3P
2,0.407,174.12,1.433,-93.9,LG
3,0.986,-116.0,1.017,68.98,No Fault
1,0.323,44.6,1.682,9.73,LG
3,0.578,55.47,2.065,-52.47,LL
3,0.427,96.95,1.652,-176.03,LG
2,1.027,29.57,0.992,65.15,No Fault
4,0.35,17.27,1.494,-16.42,LG
4,0.992,54.62,1.011,111.85,No Fault
1,0.474,141.15,1.458,163.92,LG
1,0.59,154.91,1.724,-88.9,LL
4,0.471,142.24,1.743,49.2,LG
3,0.13,-141.95,2.167,175.78,3P
3,0.582,-154.35,1.837,-175.64,LL
1,0.362,176.97,1.046,169.47,LG
3,0.577,-144.58,1.713,57.71,LL
4,0.984,5.28,0.997,143.6,No Fault
4,0.529,-105.95,2.1,-136.3,LL
2,1.019,-64.0,0.999,-134.92,No Fault
3,0.144,89.31,2.65,112.24,3P
4,0.983,-44.64,1.004,18.03,No Fault
2,0.589,139.29,1.745,52.49,LL
3,0.637,-86.96,1.728,15.85,LL
1,0.661,82.26,1.772,99.52,LL
4,1.022,-83.04,0.984,14.24,No Fault
1,1.008,114.4,0.987,-103.14,No Fault
3,0.981,92.95,0.965,87.63,No Fault
3,1.036,134.4,1.012,49.06,No Fault
4,0.41,112.23,1.259,87.02,LG
3,0.094,108.03,1.987,-106.55,3P
2,0.622,67.64,2.037,-44.91,LL
1,0.528,-126.4,1.579,-69.98,LL
4,0.386,51.61,1.312,100.94,LG
2,0.529,70.42,1.448,-178.84,LL
2,0.992,-35.16,0.976,134.73,No Fault
1,0.606,22.13,1.662,21.84,LL
2,0.48,-171.74,1.812,-64.04,LG
3,0.997,102.56,0.991,74.77,No Fault
3,0.031,-135.94,2.292,84.78,3P
1,1.01,84.84,0.973,179.41,No Fault
4,1.009,-1.38,0.978,-115.83,No Fault
3,0.381,25.87,1.718,31.6,LG
1,0.636,31.13,2.135,71.16,LL
3,1.021,123.1,0.996,-113.0,No Fault
1,0.408,47.22,1.566,-162.06,LG
3,0.483,95.58,1.409,-122.79,LG
4,1.015,-10.06,0.997,-175.18,No Fault
4,0.98,-91.09,0.982,146.25,No Fault
4,0.068,124.12,1.716,-83.47,3P
1,0.279,-54.96,1.677,143.94,LG
2,0.547,137.57,1.828,-38.36,LL
2,0.444,173.27,1.316,-87.65,LG
3,0.572,-68.87,1.587,160.93,LL
4,0.363,126.22,1.338,22.04,LG
1,0.085,15.32,1.851,105.01,3P
1,0.396,-5.51,1.334,-120.32,LG
2,0.59,130.32,1.772,-14.34,LL
3,0.401,110.31,1.354,-14.67,LG
4,0.493,133.97,1.793,16.15,LL
4,0.528,136.02,1.819,136.65,LL
4,1.002,90.26,1.013,20.87,No Fault
2,1.018,13.93,0.998,-0.79,No Fault
2,0.29,-146.37,1.293,-21.21,LG
3,0.963,105.43,1.004,27.93,No Fault
1,0.343,142.9,1.607,7.27,LG
4,0.568,128.58,2.006,146.21,LL
2,1.051,-167.98,1.004,-49.07,No Fault
4,0.59,41.51,1.567,-149.95,LL
4,0.983,175.83,1.023,-5.27,No Fault
1,0.547,137.49,1.886,-26.1,LL
3,0.988,-169.43,1.006,116.27,No Fault
2,0.984,128.94,1.012,114.86,No Fault
2,1.006,-66.94,1.015,-88.44,No Fault
2,0.07,76.33,2.074,117.35,3P
2,0.643,86.28,1.766,-111.15,LL
3,0.524,122.92,2.049,-10.34,LL
3,0.994,-178.63,0.986,65.4,No Fault
2,0.118,-79.46,2.081,51.44,3P
4,0.082,-155.34,1.897,94.74,3P
1,0.636,59.39,1.933,-86.3,LL
1,0.053,-98.38,1.843,-42.62,3P
2,0.373,86.37,1.482,150.51,LG
3,1.011,122.21,1.018,173.45,No Fault
2,0.644,-78.65,1.695,134.19,LL
2,0.966,116.83,1.011,-153.27,No Fault
1,1.019,141.23,1.034,-113.28,No Fault
3,0.375,-25.49,1.659,-83.6,LG
2,0.078,119.29,2.209,35.63,3P
1,0.574,132.68,1.806,-156.71,LL
4,0.465,-65.9,1.936,-23.55,LL
3,0.98,-118.59,0.991,161.32,No Fault
2,0.549,4.45,1.957,-142.48,LL
2,0.59,174.18,1.45,-83.17,LL
2,0.985,-9.9,0.974,-163.57,No Fault
4,0.95,-9.73,0.969,44.11,No Fault
2,0.555,5.97,1.666,-178.02,LL
2,1.006,-77.43,1.006,-13.37,No Fault
1,0.506,155.43,1.823,-37.07,LL
1,1.003,136.75,1.027,26.92,No Fault
3,0.38,-37.95,1.369,-28.14,LG
4,0.065,62.86,2.409,-73.18,3P
2,0.086,-87.26,2.237,-158.57,3P
3,0.125,108.13,1.899,58.56,3P
1,1.03,-154.44,0.99,-151.14,No Fault
3,0.689,52.72,1.587,139.69,LL
1,1.014,40.53,1.005,134.53,No Fault
4,0.61,118.45,2.137,176.85,LL
2,0.966,-5.04,0.987,27.79,No Fault
2,0.083,-12.02,2.355,114.02,3P
2,0.081,62.27,2.644,-80.86,3P
1,0.058,-41.67,2.316,-17.96,3P
4,0.045,29.59,2.027,-46.38,3P
1,1.012,4.21,0.952,-120.37,No Fault
3,0.994,-124.39,1.016,-170.84,No Fault
4,0.422,-143.55,1.765,124.97,LG
4,0.495,-129.4,1.408,-5.19,LG
4,0.067,-144.25,2.224,-104.81,3P
3,0.387,-75.87,1.82,144.03,LG
1,0.376,-20.11,1.043,178.15,LG
1,0.054,-57.46,1.828,14.91,3P
1,0.337,-91.11,1.525,121.88,LG
3,0.361,-159.25,1.376,-56.72,LG
4,1.003,-120.51,1.025,29.87,No Fault
1,0.39,-35.36,1.967,177.79,LG
4,0.453,-13.88,1.373,83.09,LG
4,1.053,-98.01,0.97,167.05,No Fault
1,0.57,-166.33,1.38,88.51,LL
3,0.987,135.75,1.017,159.86,No Fault
1,0.073,91.66,2.207,-2.9,3P
3,0.355,94.25,1.369,-40.85,LG
3,0.141,142.0,1.992,-15.85,3P
4,0.112,164.18,2.573,-107.83,3P
1,0.98,-67.72,0.984,-87.82,No Fault
1,0.433,-173.12,1.539,-8.34,LG
1,1.002,47.72,1.022,52.01,No Fault
4,0.073,164.68,2.029,-176.81,3P
3,1.024,-155.15,0.971,-177.96,No Fault
4,0.659,124.53,1.942,40.9,LL
4,0.352,67.47,1.695,-171.18,LG
3,0.405,161.17,1.473,-153.97,LG
1,1.008,-139.34,1.016,123.15,No Fault
4,0.52,-96.34,1.647,-78.84,LL
4,0.991,-172.07,0.986,29.97,No Fault
3,1.002,37.26,1.0,-51.19,No Fault
1,0.63,132.1,1.63,-16.58,LL
4,0.61,-92.9,1.702,77.02,LL
4,0.426,-136.82,1.152,150.05,LG
4,0.963,-131.82,0.999,46.64,No Fault
3,0.983,-111.95,0.996,101.89,No Fault
2,0.993,122.16,1.003,-178.62,No Fault
1,0.095,23.39,2.237,131.96,3P
4,0.592,147.58,1.989,-44.17,LL
4,0.637,123.93,1.822,63.31,LL
3,1.019,167.78,1.025,93.97,No Fault
1,0.712,179.81,1.718,-142.27,LL
2,0.015,-15.23,2.204,-104.8,3P
2,0.611,-30.31,1.535,79.08,LL
1,0.652,-102.33,1.785,64.01,LL
1,1.013,-134.74,0.997,85.35,No Fault
2,0.677,-108.28,1.648,140.48,LL
4,1.02,101.53,1.01,15.77,No Fault
3,0.093,-2.57,1.951,-34.46,3P
1,0.127,135.95,1.963,-165.0,3P
2,0.653,98.25,1.655,7.67,LL
2,0.077,-42.27,2.234,-47.62,3P
1,1.002,-54.69,1.031,-46.17,No Fault
4,0.63,136.53,2.198,63.21,LL
4,0.12,-15.12,2.369,-36.72,3P
4,0.109,37.19,2.237,-9.58,3P
4,0.401,166.6,1.546,-152.78,LG
1,1.015,142.59,1.029,124.99,No Fault
3,0.616,48.94,1.726,-40.26,LL
4,0.662,13.97,1.62,-158.17,LL
2,0.983,-131.66,1.042,164.86,No Fault
3,0.623,166.43,1.77,43.53,LL
2,0.166,-24.19,1.726,-164.2,3P
2,0.129,62.77,2.189,-130.68,3P
3,0.579,165.83,1.918,-109.11,LL
3,0.427,8.11,1.477,-101.12,LG
1,0.364,44.04,1.531,173.22,LG
4,0.075,71.39,2.529,-37.73,3P
4,0.081,-8.32,2.322,78.6,3P
3,1.03,165.66,0.996,94.89,No Fault
1,0.431,-97.68,1.459,48.37,LG
4,0.102,110.98,1.869,-88.62,3P
3,1.042,-137.34,0.995,-76.0,No Fault
4,0.1,4.58,2.354,-6.64,3P
3,0.412,162.33,1.53,27.76,LG
2,0.508,125.02,2.122,144.81,LL
2,0.1,-100.49,1.962,-165.99,3P
2,0.113,-99.04,1.984,-24.7,3P
4,0.427,93.16,2.027,-78.3,LG
4,0.471,116.34,1.393,140.0,LG
2,0.975,-60.64,1.007,127.81,No Fault
4,0.53,136.62,1.614,-14.4,LL
3,0.086,69.7,2.439,97.6,3P
2,0.012,-163.65,2.512,-75.59,3P
1,1.007,-180.0,0.99,-30.04,No Fault
2,0.357,-106.71,1.629,-176.37,LG
4,1.024,125.43,1.016,-27.85,No Fault
2,0.083,-82.28,2.384,-134.87,3P
4,0.082,32.63,2.556,57.97,3P
3,0.407,-83.22,1.15,46.24,LG
2,0.968,77.19,1.016,93.24,No Fault
2,0.558,170.07,1.908,-18.43,LL
2,0.584,151.56,2.159,70.05,LL
3,0.094,-161.32,2.183,-128.82,3P
2,0.453,22.35,1.688,160.95,LG
1,0.465,-40.59,0.823,146.37,LG
1,0.97,73.75,0.993,114.17,No Fault
1,0.283,-68.82,1.77,-6.38,LG
4,1.005,-37.24,1.028,-132.58,No Fault
2,0.132,-66.04,2.573,113.91,3P
1,0.634,25.83,1.527,119.82,LL
3,0.567,-112.71,1.701,-172.87,LL
1,0.462,-59.74,1.197,83.77,LG
2,0.564,-149.79,1.544,-59.95,LL
2,0.392,160.0,1.39,51.02,LG
2,0.613,102.7,1.728,36.4,LL
4,0.99,172.93,0.967,-155.7,No Fault
1,0.103,172.42,1.965,19.98,3P
2,0.508,-36.86,1.614,-84.86,LL
2,0.437,17.86,1.773,68.32,LG
2,0.596,-146.86,1.837,35.66,LL
4,1.041,73.37,1.015,-45.63,No Fault
3,0.641,-67.35,2.108,-82.41,LL
4,1.043,-103.29,0.98,158.06,No Fault
1,1.033,64.84,1.014,-33.07,No Fault
1,0.403,158.27,1.645,-100.63,LG
1,0.117,171.72,1.945,-143.32,3P
2,0.636,-149.65,1.735,110.59,LL
3,1.034,-176.74,0.99,32.2,No Fault
1,0.461,-106.55,1.707,55.44,LG
1,0.076,-82.51,2.027,-90.88,3P
4,0.33,34.95,1.426,34.13,LG
2,0.112,116.27,2.313,155.78,3P
1,0.617,-88.79,1.302,175.56,LL
4,1.014,30.4,0.996,13.8,No Fault
1,0.13,49.66,2.141,120.11,3P
4,0.427,-156.96,1.537,116.91,LG
2,0.535,32.48,1.885,-33.25,LL
3,0.375,55.86,1.789,-86.31,LG
2,1.03,159.31,1.002,88.84,No Fault
3,0.079,-75.89,2.282,-68.47,3P
4,0.319,87.31,1.571,-152.41,LG
4,0.627,163.01,1.749,-62.37,LL
2,0.355,-65.3,1.347,145.28,LG
2,0.53,129.17,1.803,63.7,LL
1,0.282,-175.23,1.289,-73.46,LG
3,0.628,-97.34,1.616,-137.68,LL
1,0.605,104.2,2.024,-73.16,LL
2,0.994,-52.46,1.008,-142.08,No Fault
4,0.987,-119.9,0.98,-92.26,No Fault
3,1.02,-30.32,1.042,-25.58,No Fault
3,0.674,-106.68,1.696,-62.08,LL
1,0.116,-138.46,2.755,38.03,3P
4,0.111,4.42,2.189,-138.86,3P
2,0.101,-29.06,1.838,-173.48,3P
1,0.073,138.82,2.627,-100.12,3P
2,1.025,115.7,1.003,123.6,No Fault
3,1.005,3.8,0.964,115.42,No Fault
1,0.076,-40.38,2.184,109.27,3P
3,0.973,87.51,0.998,125.25,No Fault
4,0.59,109.37,1.667,-23.95,LL
4,0.098,-154.8,2.057,82.52,3P
4,0.988,80.19,0.956,56.42,No Fault
3,0.133,123.24,2.099,-45.63,3P
3,0.108,-156.07,2.578,95.95,3P
2,0.292,63.89,1.561,93.06,LG
3,0.67,-118.84,1.94,-109.81,LL
4,0.376,37.95,1.362,-24.06,LG
2,0.156,-123.67,2.477,-9.39,3P
1,0.668,-113.27,1.448,35.92,LL
2,0.401,-112.35,1.68,-152.29,LG
2,0.964,165.06,0.959,-24.81,No Fault
2,0.605,49.09,1.789,-63.18,LL
1,0.047,55.7,2.127,116.56,3P
2,0.628,93.91,1.925,-112.42,LL
4,0.568,-101.8,1.891,-12.96,LL
2,0.993,20.64,1.01,-165.97,No Fault
2,0.532,5.11,1.735,85.04,LL
3,0.11,-90.36,2.279,27.61,3P
4,0.173,-70.55,1.906,-65.48,3P
3,1.024,23.83,0.988,-67.4,No Fault
4,0.412,-68.78,1.597,-132.25,LG
4,0.701,131.2,2.005,31.3,LL
1,1.027,63.41,1.016,-130.16,No Fault
1,1.014,154.49,1.003,-56.91,No Fault
1,0.474,-2.11,1.528,129.98,LL
2,0.57,-16.28,1.825,62.92,LL
3,0.084,51.93,2.238,170.73,3P
2,1.008,35.75,0.98,-115.43,No Fault
4,0.974,161.55,1.045,-158.18,No Fault
2,0.678,121.74,1.971,109.01,LL
2,0.113,137.38,2.234,30.42,3P
1,1.003,33.42,1.015,-52.23,No Fault
2,0.61,-91.34,1.948,68.64,LL
3,1.013,-76.85,0.984,108.95,No Fault
3,1.014,37.09,0.98,42.84,No Fault
3,0.095,-155.87,2.079,171.12,3P
1,0.584,18.68,1.931,104.19,LL
3,0.996,-83.32,0.969,-143.65,No Fault
4,0.417,-120.23,1.504,-138.8,LG
4,0.988,-72.22,1.021,-96.3,No Fault
4,0.058,-71.11,1.875,171.13,3P
2,0.088,131.28,1.968,-124.23,3P
3,1.011,42.2,1.017,-123.85,No Fault
4,0.542,44.64,1.804,-81.49,LL
2,0.109,-37.55,2.191,77.47,3P
1,0.487,26.74,1.436,60.2,LG
4,0.609,95.46,1.592,158.55,LL
2,1.034,-2.68,0.999,-6.05,No Fault
3,0.61,-135.64,1.748,71.47,LL
3,0.588,162.52,1.74,-116.82,LL
3,0.655,-35.0,1.808,169.28,LL
4,0.355,25.52,1.58,-113.3,LG
2,0.023,145.15,2.136,37.39,3P
2,0.067,-45.16,2.255,107.18,3P
3,0.137,26.36,1.981,-58.45,3P
4,0.566,134.67,1.665,-90.12,LL
2,0.667,-160.73,2.132,-44.45,LL
1,0.958,-146.24,0.988,-4.99,No Fault
2,0.104,152.83,2.344,102.89,3P
1,0.48,-124.38,1.459,-4.58,LG
2,0.418,-44.71,1.534,74.92,LG
2,1.003,41.45,0.957,147.82,No Fault
2,0.615,-79.75,1.618,127.07,LL
1,0.053,-162.14,2.125,80.86,3P
2,0.126,-108.06,2.589,-160.01,3P
3,0.985,63.86,1.015,23.68,No Fault
3,0.057,89.79,1.936,-24.8,3P
4,0.565,-169.16,1.559,166.14,LL
3,1.024,55.22,1.034,-110.77,No Fault
4,0.073,-78.62,2.439,166.81,3P
4,0.497,-23.17,1.916,106.01,LL
4,0.395,-86.02,1.34,-56.38,LG
4,0.331,-120.64,1.457,-93.6,LG
4,0.604,-91.2,1.202,-10.45,LL
2,0.061,-116.21,2.413,-74.06,3P
3,0.632,-31.97,1.577,-35.13,LL
3,0.36,-72.41,1.702,-141.46,LG
2,0.989,-25.22,0.979,119.14,No Fault
2,0.979,65.58,0.999,161.96,No Fault
2,0.54,-138.03,1.752,16.81,LL
1,0.982,134.29,1.004,8.33,No Fault
4,0.05,-176.11,1.96,117.56,3P
1,0.563,30.63,1.75,-98.54,LL
3,0.621,-142.82,2.216,-117.89,LL
3,0.522,-27.52,1.876,105.69,LL
3,0.043,-161.87,1.985,-161.0,3P
4,0.346,67.95,1.544,143.19,LG
3,0.035,-49.48,2.118,110.06,3P
1,0.614,-51.0,1.742,148.64,LL
3,1.024,116.5,0.991,-41.54,No Fault
1,0.989,-28.53,1.005,36.61,No Fault
3,0.343,56.31,1.438,169.61,LG
1,0.087,-93.91,2.337,4.43,3P
3,0.082,-52.32,2.256,18.24,3P
4,0.097,-22.26,2.127,143.73,3P
2,0.979,63.3,0.964,56.94,No Fault
4,1.009,-169.5,0.965,146.61,No Fault
4,0.324,0.87,1.564,83.34,LG
1,0.287,-66.03,1.367,-77.15,LG
2,0.699,-25.76,1.87,83.34,LL
3,0.108,0.17,2.107,-23.84,3P
3,0.302,26.3,1.529,-62.92,LG
3,0.627,70.81,1.966,-63.24,LL
1,0.665,109.95,1.564,160.83,LL
4,0.358,100.87,1.936,179.14,LG
4,0.564,157.87,1.872,-114.77,LL
3,0.097,150.1,1.524,99.46,3P
2,1.03,143.27,0.99,-149.71,No Fault
2,0.377,-152.35,1.309,-95.4,LG
1,0.115,153.53,2.11,-28.93,3P
2,0.997,128.86,0.999,83.22,No Fault
4,0.986,-165.51,1.02,31.81,No Fault
1,0.721,90.52,2.06,-132.49,LL
3,0.395,119.65,1.379,110.03,LG
1,0.381,-147.63,1.457,-110.43,LG
2,0.434,-161.53,1.345,-2.69,LG
1,0.697,18.99,1.769,-102.15,LL
1,0.082,-126.27,2.314,-83.46,3P
4,0.396,117.85,1.482,30.54,LG
3,0.626,-86.46,1.572,138.99,LL
4,0.443,104.59,1.568,-129.2,LG
4,0.067,85.66,2.117,-50.23,3P
2,1.005,-137.78,0.941,-119.14,No Fault
3,0.653,-75.8,1.845,-11.63,LL
2,0.506,59.53,1.309,0.26,LG
4,1.004,116.38,1.009,20.23,No Fault
4,0.517,-10.46,1.832,-2.8,LL
4,1.013,-88.91,0.986,131.6,No Fault
4,0.99,166.98,0.995,-131.37,No Fault
3,0.683,65.71,2.105,27.13,LL
2,0.434,-63.42,1.489,58.01,LG
2,1.021,-163.8,1.007,84.29,No Fault
2,0.968,-134.5,1.034,-169.98,No Fault
2,0.979,17.33,1.038,-117.13,No Fault
3,0.579,110.15,2.052,33.13,LL
4,0.561,-147.64,1.8,36.33,LL
2,0.126,177.99,2.375,37.97,3P
4,0.618,-73.5,1.83,-179.6,LL
3,0.996,-134.0,1.011,-20.75,No Fault
2,0.658,20.37,1.551,-56.62,LL
4,0.098,-0.37,2.399,-65.43,3P
3,0.444,-137.44,1.644,-179.99,LG
3,0.342,-146.84,1.536,113.5,LG
1,0.118,-149.38,2.891,17.59,3P
2,0.578,-130.31,1.318,-150.83,LL
3,0.143,134.5,1.578,178.4,3P
2,0.387,-65.41,1.101,-3.95,LG
4,0.56,47.66,1.72,-133.8,LL
3,0.968,109.47,1.009,-26.66,No Fault
3,0.541,-170.75,1.89,-77.57,LL
4,0.368,-98.63,1.641,18.38,LG
2,1.051,14.89,0.987,-149.03,No Fault
3,0.099,-155.99,2.31,-162.69,3P
2,0.1,68.15,2.053,-89.17,3P
2,0.545,141.71,1.827,-153.13,LL
3,0.43,20.33,1.316,-50.9,LG
1,0.416,171.06,1.535,119.95,LG
2,0.352,92.25,1.826,-16.49,LG
3,0.472,-65.53,1.55,28.7,LG
1,0.391,2.14,1.401,-121.71,LG
2,0.415,-179.93,1.494,41.03,LG
1,0.374,112.94,1.536,158.58,LG
2,0.99,-85.51,0.99,9.09,No Fault
2,0.358,-38.97,1.428,-121.44,LG
1,0.55,-164.89,1.938,-49.09,LL
1,0.655,14.5,1.687,-151.46,LL
3,0.587,136.36,1.742,21.01,LL
3,0.362,158.24,1.535,91.85,LG
3,0.369,104.91,1.298,149.68,LG
4,0.61,-135.24,1.78,135.05,LL
3,0.477,108.61,1.184,-10.97,LG
2,0.609,-6.74,1.895,111.48,LL
2,0.642,-175.35,1.729,-98.39,LL
3,1.04,-42.86,0.983,-160.36,No Fault
3,1.032,145.99,0.995,120.73,No Fault
3,0.11,-52.88,2.502,107.92,3P
2,0.999,-19.66,1.015,-174.76,No Fault
3,0.168,-100.62,2.422,45.23,3P
1,1.009,103.59,1.009,-77.99,No Fault
3,0.988,-20.94,1.005,-121.19,No Fault
3,0.628,-41.36,1.51,127.73,LL
1,0.454,-127.68,1.425,2.05,LG
1,1.021,178.05,1.055,-107.34,No Fault
2,0.163,-163.59,2.349,160.55,3P
2,0.436,174.25,1.484,106.73,LG
2,0.364,176.22,1.243,66.35,LG
3,1.019,-118.85,0.976,-160.05,No Fault
4,0.268,-171.36,1.435,-59.27,LG
2,0.116,-138.69,2.214,-3.45,3P
1,1.01,63.92,0.989,16.89,No Fault
2,0.384,45.99,1.789,53.08,LG
3,0.115,119.02,2.113,-99.12,3P
1,0.634,-174.0,2.089,-109.88,LL
4,0.686,119.74,1.45,109.5,LL
1,0.989,63.27,1.042,42.7,No Fault
4,0.112,-37.44,1.993,-132.12,3P
4,0.513,-134.07,2.177,-32.73,LL
2,0.39,-29.38,1.914,-51.19,LG
3,0.437,-108.43,1.256,-66.6,LG
4,1.024,23.0,0.988,-85.98,No Fault
1,0.535,4.74,1.725,-133.02,LL
1,0.989,35.75,0.969,4.93,No Fault
1,0.442,-92.67,1.465,-147.13,LG
3,0.555,45.25,1.788,18.19,LL
1,1.015,-80.81,0.974,-1.97,No Fault
2,0.611,111.66,1.981,-25.32,LL
4,0.983,-120.74,0.977,-114.78,No Fault
4,1.01,31.68,0.963,-26.46,No Fault
4,0.117,98.16,1.997,77.36,3P
2,1.025,-175.01,0.992,53.78,No Fault
1,0.349,-60.2,1.318,20.67,LG
1,0.495,64.46,1.651,155.43,LG
2,0.58,49.86,1.737,-64.89,LL
4,0.075,-130.27,2.02,129.28,3P
4,0.435,-165.5,1.451,4.4,LG
2,0.428,-70.78,1.538,101.48,LG
3,0.991,-160.39,0.982,-114.32,No Fault
1,0.531,1.6,1.87,-67.61,LL
2,1.021,-36.62,0.972,-177.55,No Fault
2,1.002,-46.72,1.002,90.46,No Fault
3,0.62,50.96,1.618,-170.79,LL
1,0.98,-90.53,0.999,-65.9,No Fault
4,0.439,133.67,1.517,102.63,LG
4,1.007,65.71,1.003,-60.62,No Fault
1,0.562,-69.82,1.642,-157.07,LL
3,0.136,90.66,1.886,112.3,3P
4,1.013,175.16,1.012,35.22,No Fault
4,0.628,-119.21,1.727,-160.69,LL
3,0.098,-109.97,2.189,115.4,3P
2,0.43,4.0,1.33,37.55,LG
3,0.592,-11.24,1.934,74.03,LL
1,0.418,-139.47,1.622,-33.2,LG
2,0.39,130.5,1.384,-96.09,LG
3,0.997,99.18,1.006,-38.48,No Fault
4,0.097,-159.78,2.233,-87.97,3P
2,0.264,136.77,1.689,1.99,LG
1,0.392,-9.36,1.372,-17.54,LG
1,0.518,102.62,1.443,-109.54,LL
4,0.075,-80.33,2.301,-163.42,3P
4,0.445,178.46,1.166,-23.31,LG
4,1.022,-7.67,0.961,130.35,No Fault
2,0.986,-136.67,1.01,-155.66,No Fault
2,0.638,-69.23,1.601,-92.82,LL
3,0.473,-140.18,1.661,-167.19,LG
2,1.015,-81.18,0.984,44.88,No Fault
4,0.079,63.21,1.708,3.2,3P
3,0.595,12.59,1.807,-166.43,LL
3,0.412,177.17,1.175,128.71,LG
3,1.023,-62.68,1.002,163.46,No Fault
4,0.13,-179.78,2.076,-69.19,3P
1,0.973,-25.86,1.003,-157.89,No Fault
4,0.446,145.91,1.44,-2.54,LG
1,0.377,75.2,1.693,177.76,LG
2,0.423,-135.9,1.39,48.57,LG
3,0.485,-129.96,1.466,-21.57,LG
2,1.031,156.53,1.001,147.31,No Fault
1,0.102,1.34,2.261,136.23,3P
1,0.339,68.85,1.532,-119.68,LG
1,0.424,-31.97,1.704,58.81,LG
3,0.389,-31.13,1.352,-165.67,LG
2,1.018,127.05,1.021,-138.3,No Fault
1,0.992,173.25,1.005,-42.62,No Fault
2,0.431,47.97,1.76,-17.9,LG
1,0.108,110.98,2.415,-155.15,3P
1,0.627,42.9,1.843,116.93,LL
2,0.071,-109.19,2.122,-94.51,3P
2,0.607,9.39,1.938,93.35,LL
4,1.028,-115.14,0.997,-140.45,No Fault
3,0.381,-153.98,1.237,27.28,LG
3,0.972,-40.75,1.012,-150.99,No Fault
4,0.969,125.61,1.005,-36.98,No Fault
4,1.009,-121.79,0.996,167.7,No Fault
4,0.583,-78.35,1.489,-150.86,LL
1,0.978,93.54,0.97,-58.02,No Fault
2,0.484,-160.38,1.852,-66.94,LG
3,0.437,150.91,1.333,-27.44,LG
2,1.022,-111.48,1.008,150.2,No Fault
3,0.635,-56.93,1.917,-23.87,LL
3,0.05,16.05,2.462,-165.22,3P
2,0.394,62.55,1.386,-17.87,LG
1,0.381,58.21,1.97,-101.11,LG
2,1.02,-6.26,0.983,-102.23,No Fault
4,0.48,110.02,1.206,-72.12,LG
2,0.349,-19.18,1.67,-135.56,LG
4,0.331,-40.43,1.264,-130.19,LG
2,1.013,83.25,1.031,97.11,No Fault
4,0.42,5.64,1.465,-0.99,LG
4,1.02,35.03,0.989,-38.29,No Fault
3,0.532,126.51,1.877,-149.66,LL
3,0.092,-120.42,1.88,74.38,3P
1,0.991,6.51,0.985,89.29,No Fault
1,0.621,-23.26,1.976,163.12,LL
2,0.666,-143.5,1.826,105.08,LL
3,0.501,-120.15,1.758,-43.29,LG
2,0.07,-136.29,2.255,79.61,3P
2,1.022,36.89,1.03,-3.68,No Fault
4,1.008,112.73,0.987,-87.31,No Fault
4,1.038,-22.42,0.985,-80.37,No Fault
1,0.97,80.89,0.984,121.11,No Fault
1,0.43,-175.68,1.454,19.01,LG
2,1.024,-58.58,0.976,-115.34,No Fault
1,0.946,-153.04,0.987,-141.78,No Fault
4,0.09,118.07,2.073,-43.92,3P
2,0.659,-85.53,1.757,-28.18,LL
2,0.581,55.36,1.981,-53.93,LL
4,0.984,95.97,0.995,167.86,No Fault
2,0.509,6.2,1.828,125.35,LL
2,0.481,-78.51,1.477,-65.51,LG
4,0.338,-157.0,1.535,-65.74,LG
3,0.121,-144.15,2.904,-174.23,3P
4,0.421,-176.2,1.657,-38.13,LG
2,0.611,95.88,1.598,-33.69,LL
1,0.431,-82.24,1.328,-66.16,LG
3,1.004,63.5,1.006,-71.65,No Fault
4,0.975,70.49,0.989,159.92,No Fault
3,0.341,174.48,1.479,-104.72,LG
3,0.112,-65.55,2.309,-176.84,3P
2,0.126,-40.33,2.22,118.64,3P
1,0.093,-4.28,1.868,112.7,3P
3,0.073,72.29,1.895,95.51,3P
4,0.074,-92.79,1.794,-106.74,3P
2,0.141,171.58,2.422,-44.21,3P
4,0.649,86.71,1.879,15.33,LL
1,0.371,38.96,1.784,-19.95,LG
3,0.982,58.95,0.972,-137.43,No Fault
3,1.019,-125.37,1.004,35.21,No Fault
2,0.59,30.71,1.72,-87.69,LL
1,0.586,-47.43,1.82,172.45,LL
3,0.395,-50.5,1.73,13.02,LG
1,0.054,-41.02,1.542,168.01,3P
2,0.552,-169.05,1.764,81.68,LL
4,1.004,-160.34,1.025,169.86,No Fault
1,0.462,54.3,1.502,41.42,LG
2,1.02,-10.21,0.986,-98.11,No Fault
4,1.023,-177.43,0.991,-15.58,No Fault
1,0.998,75.48,1.02,174.14,No Fault
3,0.464,-151.48,1.631,-163.06,LG
2,1.047,-25.79,0.986,-170.24,No Fault
4,0.613,24.64,1.621,105.12,LL
4,0.445,141.82,1.449,-59.11,LG
1,0.102,140.56,2.042,-85.42,3P
1,0.551,-34.21,1.606,179.57,LL
3,0.069,82.8,1.663,-51.21,3P
1,0.988,-70.84,0.995,167.96,No Fault
3,0.36,105.91,1.247,45.08,LG
3,0.101,-174.89,2.34,-87.25,3P
3,0.56,132.18,1.937,164.1,LL
3,0.341,171.88,1.433,127.19,LG
4,0.098,-142.65,2.163,-73.65,3P
2,0.053,97.97,2.539,-118.63,3P
1,0.098,4.99,2.156,106.79,3P
1,0.077,1.62,2.02,-86.09,3P
3,1.001,124.13,0.973,-151.34,No Fault
4,0.106,132.47,1.927,29.92,3P
2,0.551,-85.51,1.741,29.24,LL
1,0.985,142.4,0.975,167.98,No Fault
1,0.09,-83.96,2.112,-136.97,3P
1,0.997,-52.75,0.99,-66.37,No Fault
4,0.103,100.57,2.599,8.1,3P
4,0.123,77.75,1.922,38.64,3P
3,0.4,175.14,1.45,-79.82,LG
2,0.055,-131.84,2.148,163.19,3P
3,0.97,-88.57,0.998,135.97,No Fault
2,0.985,-31.99,0.986,73.45,No Fault
3,0.389,-20.02,1.704,-70.82,LG
4,0.402,99.98,1.151,129.0,LG
2,0.978,-96.33,1.01,48.83,No Fault
2,0.966,69.62,0.982,95.85,No Fault
3,1.005,174.21,1.006,147.51,No Fault
3,0.12,39.49,1.912,149.44,3P
1,0.491,-179.25,1.14,-86.14,LG
2,0.609,47.42,1.991,6.75,LL
4,0.964,154.67,0.991,-135.14,No Fault
4,0.388,-132.02,1.165,153.99,LG
3,1.019,-71.35,0.97,143.91,No Fault
4,1.021,27.85,1.009,52.71,No Fault
2,0.121,-149.3,2.063,131.83,3P
3,0.978,68.99,1.003,106.2,No Fault
1,0.993,8.71,1.053,60.1,No Fault
4,1.018,118.15,1.007,45.38,No Fault
3,0.336,-19.86,1.612,143.79,LG
3,0.407,120.59,1.617,75.73,LG
3,0.588,-12.96,1.552,104.07,LL
1,0.123,170.8,2.328,171.22,3P
3,1.015,5.12,1.007,14.11,No Fault
4,0.096,-165.62,2.412,-49.57,3P
2,1.024,129.0,1.007,-13.1,No Fault
2,0.058,9.11,2.46,-156.22,3P
2,0.117,71.83,2.382,-69.5,3P
2,0.418,-165.67,1.331,35.17,LG
4,0.655,85.26,1.796,0.37,LL
2,0.416,-110.7,1.184,-143.32,LG
3,0.723,47.48,1.865,9.74,LL
1,1.01,-112.83,1.03,-112.24,No Fault
2,0.393,-135.05,1.613,9.16,LG
4,0.573,-54.14,1.999,34.68,LL
4,0.051,121.82,2.099,77.62,3P
1,0.571,-134.6,1.569,-133.25,LL
1,0.565,4.62,1.839,-56.41,LL
1,0.156,101.33,2.511,73.18,3P
3,0.099,162.11,2.715,-72.02,3P
1,0.34,76.4,1.557,-116.68,LG
2,0.599,-174.73,1.673,151.61,LL
4,0.338,-123.57,1.635,66.03,LG
3,0.126,154.09,2.196,-120.45,3P
3,0.981,23.25,0.973,-89.16,No Fault
3,0.996,161.03,1.005,-105.98,No Fault
3,0.999,160.46,1.01,63.66,No Fault
1,0.442,5.32,1.132,4.77,LG
1,1.007,-109.01,0.982,-144.86,No Fault
4,0.987,-135.14,0.99,-48.28,No Fault
2,0.652,-84.2,2.093,-165.96,LL
1,0.343,-27.08,1.507,-56.97,LG
2,0.637,-141.47,1.672,101.05,LL
1,0.082,-101.61,1.466,-151.81,3P
1,0.607,85.48,1.777,-88.98,LL
4,0.087,-66.34,1.949,104.89,3P
3,0.35,116.28,1.572,-95.39,LG
2,0.095,-163.37,2.247,28.65,3P
2,0.986,58.63,0.983,167.56,No Fault
1,1.012,175.86,1.026,-56.05,No Fault
2,0.988,-82.18,0.994,113.74,No Fault
1,0.996,-29.19,0.984,5.24,No Fault
3,0.993,-159.61,0.997,-136.66,No Fault
4,0.56,-6.07,1.588,-157.25,LL
2,0.577,49.43,1.584,-154.55,LL
2,0.648,-55.88,1.873,-39.49,LL
1,0.152,46.81,1.831,-29.74,3P
1,0.604,-80.23,1.753,-18.12,LL
3,0.603,-121.5,1.396,165.51,LL
4,0.539,-173.12,2.057,68.32,LL
3,0.977,6.49,1.045,-177.31,No Fault
3,0.542,-53.38,1.716,-21.54,LL
1,0.054,132.12,2.065,60.94,3P
3,0.994,148.22,1.003,72.75,No Fault
1,0.538,150.03,1.381,108.29,LG
2,1.032,42.75,1.014,-150.6,No Fault
2,0.995,162.82,1.013,11.9,No Fault
3,0.595,-126.2,1.987,154.78,LL
1,0.365,-120.76,1.638,-33.72,LG
1,0.09,127.86,2.18,-50.85,3P
4,0.624,-91.64,1.589,78.32,LL
1,0.101,-171.12,1.963,-33.52,3P
4,0.445,-103.65,1.726,-93.96,LG
2,0.984,72.87,0.995,-72.2,No Fault
4,1.019,-127.22,1.011,-122.52,No Fault
2,0.639,44.55,1.853,-131.75,LL
1,0.394,97.86,1.618,-5.8,LG
1,0.546,-102.38,2.058,112.94,LL
2,1.008,-75.91,1.007,162.81,No Fault
3,0.619,-81.52,1.78,-36.12,LL
3,0.101,155.62,2.132,59.74,3P
1,0.443,60.24,1.615,-134.79,LG
1,0.541,53.37,1.79,-117.94,LL
